attribute_id,x_AA_PRECAL,y_AA_PRECAL
A1,0.730905679530352,0.069199394683096
A2,0.929771580830262,0.852936333891561
A3,0.855647111379026,0.483148617055294
A4,0.285449436363672,0.229667818310741
A5,0.487258700586798,0.92660136126474
