attribute_id,x_DP,y_DP,x_AA_PRECAL,y_AA_PRECAL,AA1,AA2
A1,0.0,0.22441268,0.730905679530352,0.069199394683096,V1_AA1,V1_AA2
A2,0.8203976,1.0,0.929771580830262,0.852936333891561,V2_AA1,V3_AA2
A3,1.0,0.40273654,0.855647111379026,0.483148617055294,V2_AA1,V2_AA2
A4,0.56604946,0.0,0.285449436363672,0.229667818310741,V1_AA1,V1_AA2
A5,0.28851962,0.7497874,0.487258700586798,0.92660136126474,V2_AA1,V4_AA2
